,hp,upgraded_hp,speed,upgraded_speed,bleed,upgraded_bleed,blight,upgraded_blight,burn,upgraded_burn,stun,upgraded_stun,move,upgraded_move,debuff,upgraded_debuff,disease,upgraded_disease,deathblow,upgraded_deathblow,forward,backward
count,14.0,14.0,14.0,14.0,14.0,14.0,14.0,14.0,14.0,14.0,14.0,14.0,14.0,14.0,14.0,14.0,14.0,14.0,14.0,14.0,14.0,14.0
mean,36.642857142857146,37.785714285714285,3.7857142857142856,4.071428571428571,0.2571428571428572,0.2785714285714286,0.27142857142857146,0.2928571428571428,0.2714285714285714,0.32142857142857134,0.23571428571428574,0.27142857142857146,0.2571428571428572,0.2714285714285714,0.22857142857142862,0.25000000000000006,0.33214285714285713,0.3607142857142857,0.6214285714285712,0.7642857142857142,1.7142857142857142,1.4285714285714286
std,7.530523966417689,8.603921927090722,1.3688047244316384,1.6391501416322993,0.06462061726588639,0.0892582375303981,0.10690449676496974,0.12688144505364488,0.061124984550212653,0.09749612559222293,0.08418973861410954,0.12043875831929897,0.0646206172658864,0.06112498455021266,0.06112498455021266,0.07595545253127499,0.13244322855929172,0.133270360587,0.05447047794019222,0.041271015292777866,0.6112498455021267,0.8516306272526403
min,28.0,28.0,2.0,2.0,0.1,0.1,0.1,0.1,0.1,0.1,0.1,0.1,0.2,0.2,0.2,0.2,0.2,0.2,0.6,0.75,1.0,0.0
25%,29.5,29.5,2.25,2.25,0.2,0.2,0.2,0.2,0.3,0.3,0.2,0.2,0.2,0.2,0.2,0.2,0.3,0.3,0.6,0.75,1.0,1.0
50%,35.0,37.0,4.0,4.5,0.3,0.3,0.3,0.3,0.3,0.3,0.2,0.25,0.25,0.3,0.2,0.2,0.3,0.3,0.6,0.75,2.0,1.5
75%,41.75,44.75,5.0,5.0,0.3,0.3,0.3,0.375,0.3,0.4,0.3,0.375,0.3,0.3,0.2,0.3,0.3,0.4,0.6,0.75,2.0,2.0
max,50.0,52.0,6.0,7.0,0.3,0.4,0.5,0.5,0.3,0.5,0.4,0.5,0.4,0.4,0.4,0.4,0.75,0.75,0.75,0.9,3.0,3.0
